response_id,timestamp,response_text
1,2025-01-15,"I love the innovative features and user-friendly design of this platform"
2,2025-01-15,"Privacy concerns are my biggest worry about this new technology"
3,2025-01-15,"The benefits definitely outweigh the potential risks in my opinion"
4,2025-01-15,"Cost effectiveness is crucial for widespread adoption and success"
5,2025-01-15,"Security and data protection should be the absolute top priority"
6,2025-01-15,"Innovation drives progress but we need proper regulation and oversight"
7,2025-01-15,"User experience matters more than having advanced technical features"
8,2025-01-15,"Environmental impact should be carefully considered in all development"
9,2025-01-15,"Accessibility features are absolutely essential for truly inclusive design"
10,2025-01-15,"Performance optimization can significantly improve overall user satisfaction"
11,2025-01-15,"Collaboration tools enhance team productivity and communication significantly"
12,2025-01-15,"Quality assurance processes ensure reliable and stable software delivery"
13,2025-01-15,"Machine learning capabilities open up exciting new possibilities for innovation"
14,2025-01-15,"Open source development promotes transparency and builds community trust"
15,2025-01-15,"Mobile optimization is absolutely necessary for modern web applications"
16,2025-01-15,"Customer support quality directly impacts user retention and satisfaction"
17,2025-01-15,"Integration capabilities make this solution versatile and adaptable"
18,2025-01-15,"Training and documentation are vital for successful user adoption"
19,2025-01-15,"Scalability ensures the platform can grow with business needs"
20,2025-01-15,"Customization options allow organizations to tailor the solution perfectly"